EmployeeID,FirstName,LastName,Department,Location
1,Lester,Burke,IT,Miami
2,Rosa,Valdez,PS,Cali
3,Leroy,Briggs,Front Dev,Miami
4,Rodney,Lewis,Back Dev,Palma
5,Lester,Henry,IT,Miami
6,Amelia,Haynes,IT,Palma
7,Herman,Harrington,PM,Palma
8,Lloyd,James,Back Dev,Palma
9,Douglas,Elliott,PS,Cali
10,Jesse,Stone,Front Dev,Miami
11,Gerald,Curry,IT,Palma
12,Leo,French,Front Dev,Palma
13,Edward,Carroll,PM,Miami
14,Adelaide,Buchanan,Back Dev,Miami
15,Allie,Ramirez,PM,Miami
16,Raymond,Simmons,Mapping,Miami
17,Clarence,Hughes,PS,Palma
18,Devin,Campbell,PS,Miami
19,Lou,Garcia,PS,Palma
20,Sallie,Beck,IT,Miami
21,Marvin,Cross,Mapping,Palma
22,Marian,Daniel,IT,Cali
23,Minnie,Sims,IT,Cali
24,Lola,Hernandez,PS,Miami
25,Nancy,Vega,IT,Cali
26,Eula,Barnett,PM,Miami
27,Timothy,Carlson,IT,Cali
28,Barbara,Klein,Mapping,Cali
29,Julia,Watts,Front Dev,Miami
30,Alma,Gray,Mapping,Cali
31,Carolyn,Newman,Front Dev,Miami
32,Gordon,Wilkins,IT,Miami
33,Marion,Watson,Back Dev,Palma
34,Mollie,McCoy,Mapping,Cali
35,Leona,Lee,PS,Miami
36,Grace,Dean,PM,Miami
37,Lucy,Doyle,Front Dev,Palma
38,Gavin,Haynes,PM,Palma
39,Lora,Vargas,IT,Miami
40,Bernard,Howard,Back Dev,Cali
41,Aiden,Shaw,PM,Cali
42,Tillie,Welch,IT,Palma
43,Sadie,Sutton,IT,Palma
44,Steve,Farmer,Front Dev,Miami
45,Lelia,Rodgers,Front Dev,Cali
46,Ray,Vega,Front Dev,Cali
47,Sophia,Tate,PM,Miami
48,Lily,Sherman,IT,Miami
49,Maud,Ruiz,Back Dev,Cali
50,Travis,Munoz,IT,Palma
51,Victoria,Barrett,PM,Palma
52,Celia,Padilla,PS,Miami
53,Theodore,Reyes,PM,Miami
54,Elnora,Stevenson,PS,Cali
55,Harry,Blake,Mapping,Cali
56,Theodore,Vasquez,Back Dev,Cali
57,Carl,Meyer,Front Dev,Miami
58,Ruby,Miller,PS,Cali
59,Eunice,Olson,PS,Miami
60,Oscar,Dawson,PS,Palma
61,Josie,Fisher,Back Dev,Palma
62,Luella,Mendez,PS,Palma
63,Violet,Hansen,Back Dev,Cali
64,Joel,Rowe,Front Dev,Miami
65,Elsie,Owen,PM,Miami
66,Harriet,Nash,Mapping,Miami
67,Hester,Townsend,Mapping,Cali
68,Ricky,Jones,Back Dev,Palma
69,Pearl,Perry,IT,Miami
70,Lawrence,Chapman,Front Dev,Cali
71,Mark,Gregory,PM,Palma
72,Alice,Phelps,IT,Cali
73,Justin,Roberts,PS,Miami
74,Keith,Estrada,IT,Palma
75,Alex,Lawrence,PS,Palma
76,Lilly,Peters,PS,Cali
77,Jesus,McDonald,Mapping,Palma
78,William,Tyler,PS,Cali
79,Lillie,Ortega,Mapping,Cali
80,Herbert,Ballard,Back Dev,Miami
81,Jimmy,Murray,PM,Palma
82,Hilda,Norman,IT,Cali
83,Joshua,Perry,IT,Cali
84,Minnie,Salazar,PM,Miami
85,Rachel,Rose,IT,Palma
86,Beatrice,Alvarez,PS,Cali
87,Dylan,Curry,PM,Miami
88,Chester,Mason,Front Dev,Miami
89,Bruce,Matthews,PS,Miami
90,Kenneth,Drake,Front Dev,Palma
91,Elmer,Simpson,PM,Cali
92,Elizabeth,Sparks,Mapping,Miami
93,Ellen,Adams,PM,Cali
94,Carrie,Ray,PM,Cali
95,Gussie,Sherman,Front Dev,Cali
96,Joe,Thompson,Front Dev,Miami
97,Charles,Brooks,Mapping,Miami
98,Maria,Wheeler,IT,Palma
99,Ralph,Potter,PM,Palma
100,Leon,Hamilton,PM,Cali
